model,mean_quality,median_quality,p10_quality,success_rate,failure_rate,mean_tokens,median_tokens,p95_tokens,mean_agents,mean_reflections
Model A — static,0.8370717852979765,0.8410979330851053,0.7729899297846381,1.0,0.0,3452.2331906133695,3434.2400503328818,3716.1229595517434,3.0,1.0
Model B — dynamic,0.8336353953862069,0.8346012646436204,0.8028620552030609,1.0,0.0,2468.4420106265043,2350.4705235820966,3790.7195777248094,2.065,0.9683333333333334
